UPDATE hibernate_sequence SET next_val=99 LIMIT 1;

INSERT INTO user(id,first_Name,last_Name,password,is_Admin,email,birth_Date) VALUES (1, 'Juan', 'Rodriguez','$2a$10$aQ2qGzK5p7gmimjx.JDkU.FvIe6Mo17B6SVSZhCGwNP9MEriYfsJi',false,'juan@gmail.com','1993/08/23');
INSERT INTO user(id,first_Name,last_Name,password,is_Admin,email,birth_Date) VALUES (2, 'Rosa', 'Perez','$2a$10$aQ2qGzK5p7gmimjx.JDkU.FvIe6Mo17B6SVSZhCGwNP9MEriYfsJi',false,'rosa@gmail.com','1980/02/14');
INSERT INTO user(id,first_Name,last_Name,password,is_Admin,email,birth_Date) VALUES (3, 'Antonio', 'Pedro','$2a$10$aQ2qGzK5p7gmimjx.JDkU.FvIe6Mo17B6SVSZhCGwNP9MEriYfsJi',false,'antonio@gmail.com','1999/12/27');
INSERT INTO user(id,first_Name,last_Name,password,is_Admin,email,birth_Date) VALUES (4, 'Maria', 'Ana','$2a$10$aQ2qGzK5p7gmimjx.JDkU.FvIe6Mo17B6SVSZhCGwNP9MEriYfsJi',false,'maria@gmail.com','1979/07/10');
INSERT INTO user(id,first_Name,last_Name,password,is_Admin,email,birth_Date) VALUES (5, 'Pedro', 'Pontiga','$2a$10$aQ2qGzK5p7gmimjx.JDkU.FvIe6Mo17B6SVSZhCGwNP9MEriYfsJi',false,'pedropontiga@gmail.com','2000/09/23');
INSERT INTO user(id,first_Name,last_Name,password,is_Admin,email,birth_Date) VALUES (6, 'Pablo', 'Gonzalez','$2a$10$aQ2qGzK5p7gmimjx.JDkU.FvIe6Mo17B6SVSZhCGwNP9MEriYfsJi',false,'moncalvillo@gmail.com','2000/04/30');
INSERT INTO user(id,first_Name,last_Name,password,is_Admin,email,birth_Date) VALUES (7, 'Bea', 'Beltrán','$2a$10$aQ2qGzK5p7gmimjx.JDkU.FvIe6Mo17B6SVSZhCGwNP9MEriYfsJi',false,'beabeltran@gmail.com','2000/11/15');
INSERT INTO user(id,first_Name,last_Name,password,is_Admin,email,birth_Date) VALUES (8, 'Jose Luis', 'Alonso','$2a$10$aQ2qGzK5p7gmimjx.JDkU.FvIe6Mo17B6SVSZhCGwNP9MEriYfsJi',false,'joselu@gmail.com','2000/06/06');
INSERT INTO user(id,first_Name,last_Name,password,is_Admin,email,birth_Date) VALUES (9, 'Fernando', 'Alonso','$2a$10$aQ2qGzK5p7gmimjx.JDkU.FvIe6Mo17B6SVSZhCGwNP9MEriYfsJi',false,'feralonso@gmail.com','2000/05/20');
INSERT INTO user(id,first_Name,last_Name,password,is_Admin,email,birth_Date) VALUES (10, 'Fernando', 'Rabasco','$2a$10$aQ2qGzK5p7gmimjx.JDkU.FvIe6Mo17B6SVSZhCGwNP9MEriYfsJi',false,'muller3@gmail.com','2000/10/18');
INSERT INTO user(id,first_Name,last_Name,password,is_Admin,email,birth_Date) VALUES (12, 'Antonio', 'Garcia','$2a$10$aQ2qGzK5p7gmimjx.JDkU.FvIe6Mo17B6SVSZhCGwNP9MEriYfsJi',false,'juan3@gmail.com','1993/08/23');
INSERT INTO user(id,first_Name,last_Name,password,is_Admin,email,birth_Date) VALUES (13, 'Manuel', 'Fernandez','$2a$10$aQ2qGzK5p7gmimjx.JDkU.FvIe6Mo17B6SVSZhCGwNP9MEriYfsJi',false,'rosa3@gmail.com','1980/02/14');
INSERT INTO user(id,first_Name,last_Name,password,is_Admin,email,birth_Date) VALUES (14, 'Francisco', 'Sanchez','$2a$10$aQ2qGzK5p7gmimjx.JDkU.FvIe6Mo17B6SVSZhCGwNP9MEriYfsJi',false,'antonio3@gmail.com','1999/12/27');
INSERT INTO user(id,first_Name,last_Name,password,is_Admin,email,birth_Date) VALUES (15, 'David', 'Martin','$2a$10$aQ2qGzK5p7gmimjx.JDkU.FvIe6Mo17B6SVSZhCGwNP9MEriYfsJi',false,'maria3@gmail.com','1979/07/10');
INSERT INTO user(id,first_Name,last_Name,password,is_Admin,email,birth_Date) VALUES (16, 'Juan', 'Ruiz','$2a$10$aQ2qGzK5p7gmimjx.JDkU.FvIe6Mo17B6SVSZhCGwNP9MEriYfsJi',false,'pedropontiga3@gmail.com','2000/09/23');
INSERT INTO user(id,first_Name,last_Name,password,is_Admin,email,birth_Date) VALUES (17, 'Javier', 'Muñoz','$2a$10$aQ2qGzK5p7gmimjx.JDkU.FvIe6Mo17B6SVSZhCGwNP9MEriYfsJi',false,'moncalvillo3@gmail.com','2000/04/30');
INSERT INTO user(id,first_Name,last_Name,password,is_Admin,email,birth_Date) VALUES (18, 'Jose Antonio', 'Gutierrez','$2a$10$aQ2qGzK5p7gmimjx.JDkU.FvIe6Mo17B6SVSZhCGwNP9MEriYfsJi',false,'beabeltran3@gmail.com','2000/11/15');
INSERT INTO user(id,first_Name,last_Name,password,is_Admin,email,birth_Date) VALUES (19, 'Daniel', 'Torres','$2a$10$aQ2qGzK5p7gmimjx.JDkU.FvIe6Mo17B6SVSZhCGwNP9MEriYfsJi',false,'joselu3@gmail.com','2000/06/06');
INSERT INTO user(id,first_Name,last_Name,password,is_Admin,email,birth_Date) VALUES (20, 'Rafael', 'Ramos','$2a$10$aQ2qGzK5p7gmimjx.JDkU.FvIe6Mo17B6SVSZhCGwNP9MEriYfsJi',false,'feralonso2@gmail.com','2000/05/20');
INSERT INTO user(id,first_Name,last_Name,password,is_Admin,email,birth_Date) VALUES (21, 'Pablo', 'Serrano','$2a$10$aQ2qGzK5p7gmimjx.JDkU.FvIe6Mo17B6SVSZhCGwNP9MEriYfsJi',false,'muller2@gmail.com','2000/10/18');
INSERT INTO user(id,first_Name,last_Name,password,is_Admin,email,birth_Date) VALUES (22, 'Jose', 'Montiel','$2a$10$6LWjTo6TUadfX26Qwini2O7ufhcIb0nYM90eLvav5B9wmeF0of5um',false,'noadmin@gmail.com','2000/03/29');
INSERT INTO user(id,first_Name,last_Name,password,is_Admin,email,birth_Date) VALUES (23, 'Josefa', 'Castro','$2a$10$aQ2qGzK5p7gmimjx.JDkU.FvIe6Mo17B6SVSZhCGwNP9MEriYfsJi',false,'juan2@gmail.com','1993/08/23');
INSERT INTO user(id,first_Name,last_Name,password,is_Admin,email,birth_Date) VALUES (24, 'Isabel', 'Marin','$2a$10$aQ2qGzK5p7gmimjx.JDkU.FvIe6Mo17B6SVSZhCGwNP9MEriYfsJi',false,'rosa2@gmail.com','1980/02/14');
INSERT INTO user(id,first_Name,last_Name,password,is_Admin,email,birth_Date) VALUES (25, 'Lucia', 'Sanz','$2a$10$aQ2qGzK5p7gmimjx.JDkU.FvIe6Mo17B6SVSZhCGwNP9MEriYfsJi',false,'antonio2@gmail.com','1999/12/27');
INSERT INTO user(id,first_Name,last_Name,password,is_Admin,email,birth_Date) VALUES (26, 'Ana', 'Castillo','$2a$10$aQ2qGzK5p7gmimjx.JDkU.FvIe6Mo17B6SVSZhCGwNP9MEriYfsJi',false,'maria2@gmail.com','1979/07/10');
INSERT INTO user(id,first_Name,last_Name,password,is_Admin,email,birth_Date) VALUES (27, 'Dolores', 'Santos','$2a$10$aQ2qGzK5p7gmimjx.JDkU.FvIe6Mo17B6SVSZhCGwNP9MEriYfsJi',false,'pedropontiga2@gmail.com','2000/09/23');
INSERT INTO user(id,first_Name,last_Name,password,is_Admin,email,birth_Date) VALUES (28, 'Laura', 'Ramos','$2a$10$aQ2qGzK5p7gmimjx.JDkU.FvIe6Mo17B6SVSZhCGwNP9MEriYfsJi',false,'moncalvillo2@gmail.com','2000/04/30');
INSERT INTO user(id,first_Name,last_Name,password,is_Admin,email,birth_Date) VALUES (29, 'Anguela', 'Martin','$2a$10$aQ2qGzK5p7gmimjx.JDkU.FvIe6Mo17B6SVSZhCGwNP9MEriYfsJi',false,'beabeltran2@gmail.com','2000/11/15');
INSERT INTO user(id,first_Name,last_Name,password,is_Admin,email,birth_Date) VALUES (30, 'Cristina', 'Gutierrez','$2a$10$aQ2qGzK5p7gmimjx.JDkU.FvIe6Mo17B6SVSZhCGwNP9MEriYfsJi',false,'joselu2@gmail.com','2000/06/06');
INSERT INTO user(id,first_Name,last_Name,password,is_Admin,email,birth_Date,customer_id) VALUES (11, 'Admin', 'admin','$2a$10$6LWjTo6TUadfX26Qwini2O7ufhcIb0nYM90eLvav5B9wmeF0of5um',true,'admin@gmail.com','2000/03/29', 'cus_LSbhTOdH7eOKMS');

INSERT INTO event(id,description,price,title,user_id,start_Date,end_Date,prize) VALUES (1,'Torneo de futbol sala. Se necesitan 8 equipos para realizar el sorteo de las eliminatorias.',5.0,'Torneo futbol sala',1, "2022-04-22T20:00:00.000000","2022-04-24T20:00:00.000000",200.0);
INSERT INTO event(id,description,price,title,user_id,start_Date,end_Date) VALUES (2,'Gran final del carnaval de Cadiz',50.0,'Carnaval de Cadiz',2, "2022-06-21T19:30:00.000000","2022-06-22T19:30:00.000000");
INSERT INTO event(id,description,price,title,user_id,start_Date,end_Date) VALUES (3,'Concierto de artistas flamencos en Sevilla',10.0,'Concierto flamenco',3, "2022-04-21T22:00:00.000000","2022-04-22T00:00:00.000000");
INSERT INTO event(id,description,price,title,user_id,start_Date,end_Date) VALUES (4,'Ven a nuestra bodega a probar nuestros vinos de frabicacion nacional',35.5,'Cata de vinos',3, "2022-05-01T12:00:00.000000","2022-05-01T15:30:00.000000");
INSERT INTO event(id,description,price,title,user_id,start_Date,end_Date) VALUES (5,'¿Te gusta la cocina japonesa? Haz nuestro curso para aprender a hacer sushi en un día.',20.0,'Curso de sushi',4, "2022-05-05T09:00:00.000000","2022-05-05T13:45:00.000000");
INSERT INTO event(id,description,price,title,user_id,start_Date,end_Date) VALUES (6,'Deje a sus hijos en nuestra jornada educativa',7.0,'Jornada educativa',5, "2022-05-10T17:00:00.000000","2022-05-10T19:00:00.000000");
INSERT INTO event(id,description,price,title,user_id,start_Date,end_Date) VALUES (7,'Practica escalada junto a más amantes de este deporte',10.0,'Jornada de escalada',6, "2022-05-12T16:30:00.000000","2022-05-12T19:00:00.000000");
INSERT INTO event(id,description,price,title,user_id,start_Date,end_Date,prize) VALUES (8,'Participa en el torneo online de Rocket League y gana dinero con tus victorias',10.0,'Torneo Rocket League',7, "2022-04-22T20:30:00.000000","2022-04-22T23:30:00.000000",100.0);
INSERT INTO event(id,description,price,title,user_id,start_Date,end_Date,prize) VALUES (9,'Participa en el torneo online de League of Legends y gana dinero con tus victorias',10.0,'Torneo LOL',7, "2022-04-23T20:30:00.000000","2022-04-23T20:30:00.000000",500.0);
INSERT INTO event(id,description,price,title,user_id,start_Date,end_Date,prize) VALUES (10,'Torneo de baloncesto 3x3. Se necesitan 8 equipos para realizar el sorteo de las eliminatorias.',8.0,'Torneo baloncesto',8, "2022-05-03T10:00:00.000000","2022-05-03T20:00:00.000000",400.0);
INSERT INTO event(id,description,price,title,user_id,start_Date,end_Date,prize) VALUES (11,'Juega una partida de póker. El premio se repartirá entre los dos mejores',100.0,'Partida de poker',9, "2022-05-05T20:00:00.000000","2022-05-05T23:00:00.000000",1000.0);
INSERT INTO event(id,description,price,title,user_id,start_Date,end_Date) VALUES (12,'¿Quieres ser un experto en criptos? Ven a nuestra charla',10.0,'Ponencia criptomonedas',9, "2022-05-30T10:00:00.000000","2022-05-30T13:00:00.000000");
INSERT INTO event(id,description,price,title,user_id,start_Date,end_Date) VALUES (13,'Aprende robotica en nuestro taller',10.0,'Taller de robotica',9,"2022-05-15T10:00:00.000000","2022-05-15T13:00:00.000000");
INSERT INTO event(id,description,price,title,user_id,start_Date,end_Date) VALUES (14,'Aprende ciberseguridad jugando a capture the flag',5.0,'Capture the flag',10,"2022-05-22T10:00:00.000000","2022-05-22T12:30:00.000000");

INSERT INTO participation(id, buy_date, price, ticket, event_id, user_id) VALUES (1, "2022-04-20T20:26:41.036121", 5.0, 1, 1, 2);
INSERT INTO participation(id, buy_date, price, ticket, event_id, user_id) VALUES (2, "2022-04-19T20:26:41.036121", 5.0, 1, 1, 3);
INSERT INTO participation(id, buy_date, price, ticket, event_id, user_id) VALUES (3, "2022-04-18T20:26:41.036121", 5.0, 1, 1, 4);
INSERT INTO participation(id, buy_date, price, ticket, event_id, user_id) VALUES (4, "2022-04-17T20:26:41.036121", 5.0, 1, 1, 5);
INSERT INTO participation(id, buy_date, price, ticket, event_id, user_id) VALUES (5, "2022-04-16T20:26:41.036121", 5.0, 1, 1, 6);

INSERT INTO participation(id, buy_date, price, ticket, event_id, user_id) VALUES (6, "2022-04-23T20:26:41.036121", 50.0, 1, 2, 7);
INSERT INTO participation(id, buy_date, price, ticket, event_id, user_id) VALUES (7, "2022-04-30T20:26:41.036121", 50.0, 1, 2, 8);
INSERT INTO participation(id, buy_date, price, ticket, event_id, user_id) VALUES (8, "2022-05-23T20:26:41.036121", 50.0, 1, 2, 9);
INSERT INTO participation(id, buy_date, price, ticket, event_id, user_id) VALUES (9, "2022-05-24T20:26:41.036121", 50.0, 1, 2, 10);

INSERT INTO participation(id, buy_date, price, ticket, event_id, user_id) VALUES (10, "2022-04-19T20:26:41.036121", 10.0, 1, 3, 1);
INSERT INTO participation(id, buy_date, price, ticket, event_id, user_id) VALUES (11, "2022-04-18T20:26:41.036121", 10.0, 1, 3, 12);
INSERT INTO participation(id, buy_date, price, ticket, event_id, user_id) VALUES (12, "2022-04-01T20:26:41.036121", 10.0, 1, 3, 13);
INSERT INTO participation(id, buy_date, price, ticket, event_id, user_id) VALUES (13, "2022-04-12T20:26:41.036121", 10.0, 1, 3, 14);

INSERT INTO participation(id, buy_date, price, ticket, event_id, user_id) VALUES (15, "2022-04-23T20:26:41.036121", 35.5, 1, 4, 15);
INSERT INTO participation(id, buy_date, price, ticket, event_id, user_id) VALUES (16, "2022-04-22T20:26:41.036121", 35.5, 1, 4, 16);
INSERT INTO participation(id, buy_date, price, ticket, event_id, user_id) VALUES (17, "2022-04-21T20:26:41.036121", 35.5, 1, 4, 17);
INSERT INTO participation(id, buy_date, price, ticket, event_id, user_id) VALUES (18, "2022-04-20T20:26:41.036121", 35.5, 1, 4, 18);
INSERT INTO participation(id, buy_date, price, ticket, event_id, user_id) VALUES (19, "2022-04-19T20:26:41.036121", 35.5, 1, 4, 19);

INSERT INTO participation(id, buy_date, price, ticket, event_id, user_id) VALUES (20, "2022-04-30T20:26:41.036121", 20.0, 1, 5, 20);
INSERT INTO participation(id, buy_date, price, ticket, event_id, user_id) VALUES (21, "2022-04-29T20:26:41.036121", 20.0, 1, 5, 21);

INSERT INTO participation(id, buy_date, price, ticket, event_id, user_id) VALUES (22, "2022-05-01T20:26:41.036121", 7.0, 1, 6, 22);
INSERT INTO participation(id, buy_date, price, ticket, event_id, user_id) VALUES (23, "2022-05-02T20:26:41.036121", 7.0, 1, 6, 23);
INSERT INTO participation(id, buy_date, price, ticket, event_id, user_id) VALUES (24, "2022-05-03T20:26:41.036121", 7.0, 1, 6, 24);
INSERT INTO participation(id, buy_date, price, ticket, event_id, user_id) VALUES (25, "2022-05-04T20:26:41.036121", 7.0, 1, 6, 25);

INSERT INTO participation(id, buy_date, price, ticket, event_id, user_id) VALUES (26, "2022-05-02T20:26:41.036121", 10.0, 1, 7, 26);
INSERT INTO participation(id, buy_date, price, ticket, event_id, user_id) VALUES (27, "2022-05-01T20:26:41.036121", 10.0, 1, 7, 27);

INSERT INTO participation(id, buy_date, price, ticket, event_id, user_id) VALUES (28, "2022-04-20T20:26:41.036121", 10.0, 1, 9, 28);

INSERT INTO participation(id, buy_date, price, ticket, event_id, user_id) VALUES (29, "2022-05-01T20:26:41.036121", 8.0, 1, 10, 29);
INSERT INTO participation(id, buy_date, price, ticket, event_id, user_id) VALUES (30, "2022-05-01T20:26:41.036121", 8.0, 1, 10, 30);

INSERT INTO participation(id, buy_date, price, ticket, event_id, user_id) VALUES (31, "2022-05-01T20:26:41.036121", 100.0, 1, 11, 1);
INSERT INTO participation(id, buy_date, price, ticket, event_id, user_id) VALUES (32, "2022-05-01T20:26:41.036121", 100.0, 1, 11, 11);
INSERT INTO participation(id, buy_date, price, ticket, event_id, user_id) VALUES (33, "2022-05-01T20:26:41.036121", 100.0, 1, 11, 22);
INSERT INTO participation(id, buy_date, price, ticket, event_id, user_id) VALUES (34, "2022-05-01T20:26:41.036121", 100.0, 1, 11, 15);
INSERT INTO participation(id, buy_date, price, ticket, event_id, user_id) VALUES (35, "2022-05-01T20:26:41.036121", 100.0, 1, 11, 30);

INSERT INTO participation(id, buy_date, price, ticket, event_id, user_id) VALUES (36, "2022-05-10T20:26:41.036121", 10.0, 1, 13, 7);
INSERT INTO participation(id, buy_date, price, ticket, event_id, user_id) VALUES (37, "2022-05-10T20:26:41.036121", 10.0, 1, 13, 14);
INSERT INTO participation(id, buy_date, price, ticket, event_id, user_id) VALUES (38, "2022-05-10T20:26:41.036121", 10.0, 1, 13, 21);

INSERT INTO sponsorship(id, is_accepted, name, quantity, event_id, user_id) VALUES (1, true, 'Panadería Carmen', 50.0, 1, 1);

INSERT INTO sponsorship(id, is_accepted, name, quantity, event_id, user_id) VALUES (2, true, 'Oreo', 200.0, 2, 2);

INSERT INTO sponsorship(id, is_accepted, name, quantity, event_id, user_id) VALUES (3, false, 'Grefusa', 150.0, 8, 3);
INSERT INTO sponsorship(id, is_accepted, name, quantity, event_id, user_id) VALUES (4, true, 'Tasca Ramos', 50.0, 8, 4);

INSERT INTO sponsorship(id, is_accepted, name, quantity, event_id, user_id) VALUES (5, true, 'Mercadona', 200.0, 4, 5);

INSERT INTO sponsorship(id, is_accepted, name, quantity, event_id, user_id) VALUES (6, false, 'Universidad de Sevilla', 20.0, 6, 6);

INSERT INTO sponsorship(id, is_accepted, name, quantity, event_id, user_id) VALUES (7, true, 'Nike', 1000.0, 7, 7);
INSERT INTO sponsorship(id, is_accepted, name, quantity, event_id, user_id) VALUES (8, false, 'Adidas', 500.0, 7, 8);
INSERT INTO sponsorship(id, is_accepted, name, quantity, event_id, user_id) VALUES (9, true, 'Puma', 700.0, 7, 9);

INSERT INTO sponsorship(id, is_accepted, name, quantity, event_id, user_id) VALUES (10, true, 'Supermercado Zambrana', 30.0, 10, 10);
INSERT INTO sponsorship(id, is_accepted, name, quantity, event_id, user_id) VALUES (11, true, 'Bar Cadena', 150.0, 10, 11);

INSERT INTO sponsorship(id, is_accepted, name, quantity, event_id, user_id) VALUES (12, true, 'CocaCola', 2500.0, 11, 12);
INSERT INTO sponsorship(id, is_accepted, name, quantity, event_id, user_id) VALUES (13, true, 'Samsung', 1000.0, 11, 13);
INSERT INTO sponsorship(id, is_accepted, name, quantity, event_id, user_id) VALUES (14, true, 'Amazon', 3000.0, 11, 14);
INSERT INTO sponsorship(id, is_accepted, name, quantity, event_id, user_id) VALUES (15, false, 'Nokia', 250.0, 11, 15);

INSERT INTO sponsorship(id, is_accepted, name, quantity, event_id, user_id) VALUES (16, true, 'Zara', 1300.0, 12, 16);
INSERT INTO sponsorship(id, is_accepted, name, quantity, event_id, user_id) VALUES (17, false, 'Vans', 1900.0, 12, 17);

INSERT INTO sponsorship(id, is_accepted, name, quantity, event_id, user_id) VALUES (18, false, 'Pescadería Chacón', 250.0, 5, 18);

INSERT INTO sponsorship(id, is_accepted, name, quantity, event_id, user_id) VALUES (19, true, 'Audi', 1200.0, 13, 19);

INSERT INTO location(id, owner_id, name, price, latitude, longitude, description) VALUES (1,1,"Campo de fútbol",500.0,0,1,"Campo con césped artificial de fútbol.");
INSERT INTO location(id, owner_id, name, price, latitude, longitude, description) VALUES (2,2,"Campo de fútbol sala",250.0,1,0,"Campo de fútbol sala");
INSERT INTO location(id, owner_id, name, price, latitude, longitude, description) VALUES (3,2,"Campo de baloncesto",250.0,1,1,"Pista de baloncesto con suelo de parquet");
INSERT INTO location(id, owner_id, name, price, latitude, longitude, description) VALUES (4,4,"Salón de juegos",400.0,0,0,"Salón de juegos con diferentes mesas para jugar al póquer");
INSERT INTO location(id, owner_id, name, price, latitude, longitude, description) VALUES (5,5,"Cocina",200.0,0,1,"Sala equipada con una cocina");
INSERT INTO location(id, owner_id, name, price, latitude, longitude, description) VALUES (6,9,"Salón con escenario",700.0,1,0,"Salón de ocio con escenario");
INSERT INTO location(id, owner_id, name, price, latitude, longitude, description) VALUES (7,7,"Rocódromo",350.0,1,1,"Rocódromo para prácticar escalada");
INSERT INTO location(id, owner_id, name, price, latitude, longitude, description) VALUES (8,10,"Sala con proyector",50.0,0,0,"Sala con asientos y proyector.");
INSERT INTO location(id, owner_id, name, price, latitude, longitude, description) VALUES (9,9,"Teatro",1000.0,0,1,"Teatro para diferentes eventos");
INSERT INTO location(id, owner_id, name, price, latitude, longitude, description) VALUES (10,10,"Sala de ponencias",250.0,1,0,"Sala donde poder dar tus ponencias");
INSERT INTO location(id, owner_id, name, price, latitude, longitude, description) VALUES (11,11,"Campo con piscina",400.0,1,1,"Campo con un chalet y piscina");

INSERT INTO hosting(id, event_id, location_id, price, is_Accepted) VALUES (1, 1, 2, 350.0, true);
INSERT INTO hosting(id, event_id, location_id, price, is_Accepted) VALUES (2, 2, 9, 700.0, true);
INSERT INTO hosting(id, event_id, location_id, price, is_Accepted) VALUES (3, 3, 6, 500.0, false);
INSERT INTO hosting(id, event_id, location_id, price, is_Accepted) VALUES (4, 5, 5, 75.0, true);
INSERT INTO hosting(id, event_id, location_id, price, is_Accepted) VALUES (5, 6, 11, 200.0, false);
INSERT INTO hosting(id, event_id, location_id, price, is_Accepted) VALUES (6, 7, 7, 200.0, true);
INSERT INTO hosting(id, event_id, location_id, price, is_Accepted) VALUES (7, 10, 3, 100.0, true);
INSERT INTO hosting(id, event_id, location_id, price, is_Accepted) VALUES (8, 11, 4, 350.0, true);
INSERT INTO hosting(id, event_id, location_id, price, is_Accepted) VALUES (9, 12, 10, 100.0, false);



INSERT INTO media(id, path, title, upload_date, user_id, event_id, location_id, sponsorship_id) VALUES (1, "basket.jpg","basket.jpg", "2022-04-23",11,10,null,null);
INSERT INTO media(id, path, title, upload_date, user_id, event_id, location_id, sponsorship_id) VALUES (2, "captheflag.jpg","captheflag.jpg", "2022-04-23",11,14,null,null);
INSERT INTO media(id, path, title, upload_date, user_id, event_id, location_id, sponsorship_id) VALUES (3, "carnaval.jpg","carnaval.jpg", "2022-04-23",11,2,null,null);
INSERT INTO media(id, path, title, upload_date, user_id, event_id, location_id, sponsorship_id) VALUES (4, "cripto.jpg","cripto.jpg", "2022-04-23",11,12,null,null);
INSERT INTO media(id, path, title, upload_date, user_id, event_id, location_id, sponsorship_id) VALUES (5, "educativa.jpg","educativa.jpg", "2022-04-23",11,6,null,null);
INSERT INTO media(id, path, title, upload_date, user_id, event_id, location_id, sponsorship_id) VALUES (6, "escalada.jpg","escalada.jpg", "2022-04-23",11,7,null,null);
INSERT INTO media(id, path, title, upload_date, user_id, event_id, location_id, sponsorship_id) VALUES (7, "flamenco.jpg","flamenco.jpg", "2022-04-23",11,3,null,null);
INSERT INTO media(id, path, title, upload_date, user_id, event_id, location_id, sponsorship_id) VALUES (8, "futbolsala.jpg","futbolsala.jpg", "2022-04-23",11,1,null,null);
INSERT INTO media(id, path, title, upload_date, user_id, event_id, location_id, sponsorship_id) VALUES (9, "lol.jpg","lol.jpg", "2022-04-23",11,9,null,null);
INSERT INTO media(id, path, title, upload_date, user_id, event_id, location_id, sponsorship_id) VALUES (10, "poker.jpg","poker.jpg", "2022-04-23",11,11,null,null);
INSERT INTO media(id, path, title, upload_date, user_id, event_id, location_id, sponsorship_id) VALUES (11, "robotica.jpg","robotica.jpg", "2022-04-23",11,13,null,null);
INSERT INTO media(id, path, title, upload_date, user_id, event_id, location_id, sponsorship_id) VALUES (12, "rocketleague.jpg","rocketleague.jpg", "2022-04-23",11,8,null,null);
INSERT INTO media(id, path, title, upload_date, user_id, event_id, location_id, sponsorship_id) VALUES (13, "shushi.jpg","shushi.jpg", "2022-04-23",11,5,null,null);
INSERT INTO media(id, path, title, upload_date, user_id, event_id, location_id, sponsorship_id) VALUES (14, "vinos.jpg","vinos.jpg", "2022-04-23",11,4,null,null);
